insert into DOMAIN(id,optlock,name,enabled,desc) values('default',1,'default_domain',true,'default domain')
insert into DOMAIN(id,optlock,name,enabled,desc) values('69ea2c65-4679-441f-a596-8aec16752a0f',1,'demo_domain',true,'demo domain')
insert into SERVICE(id,optlock,name,type,desc) values('79ea2c65-4679-441f-a596-8aec16752a0f',1,'keystone','identity','identity service')
insert into ENDPOINT(id,optlock,name,desc,interface,url,serviceid) values('79ea2c65-4679-441f-a596-8aec16752a1f',1,'keystone_endpoint','keystone endpoint','public','http://localhost:%(public_port)/','79ea2c65-4679-441f-a596-8aec16752a0f')
insert into PROJECT(id,optlock,name,enabled,desc,domainid) values('79ea2c65-4679-441f-a596-8aec16752a2f',1,'admin',true,'admin project','default')
insert into PROJECT(id,optlock,name,enabled,desc,domainid) values('79ea2c65-4679-441f-a596-8aec16752a20',1,'demo',true,'demo project','default')
insert into ROLE(id,optlock,name,desc) values('708bb4f9-9d3c-46af-b18c-7033dc022ffb',1,'admin','admin role')
insert into ROLE(id,optlock,name,desc) values('708bb4f9-9d3c-46af-b18c-7033dc022fff',1,'demo','demo role')
insert into GROUP(id,optlock,name,desc,domainid) values('708bb4f9-9d3c-46af-b18c-7033dc022ffc',1,'admin_group','admin group','default')
insert into GROUP(id,optlock,name,desc,domainid) values('708bb4f9-9d3c-46af-b18c-7033dc022ffd',1,'demo_group','demo group','default')
insert into USER(id,enabled,password,email,optlock,name,desc,domainid,defaultprojectid) values('0f3328f8-a7e7-41b4-830d-be8fdd5186c7',true,'c7ad44cbad762a5da0a452f9e854fdc1e0e7a52a38015f23f3eab1d80b931dd472634dfac71cd34ebc35d16ab7fb8a90c81f975113d6c7538dc69dd8de9077ec','admin@keystone4j.com',1,'admin','admin user','default','79ea2c65-4679-441f-a596-8aec16752a2f')
insert into USER(id,enabled,password,email,optlock,name,desc,domainid,defaultprojectid) values('0f3328f8-a7e7-41b4-830d-be8fdd5186c8',true,'26c669cd0814ac40e5328752b21c4aa6450d16295e4eec30356a06a911c23983aaebe12d5da38eeebfc1b213be650498df8419194d5a26c7e0a50af156853c79','demo@keystone4j.com',1,'demo','demo user','default','79ea2c65-4679-441f-a596-8aec16752a20')
insert into USER_PROJECT_GRANT(id,roleid,optlock,userid,projectid) values('b5a71165-3e27-4085-b7ed-143630e58895','708bb4f9-9d3c-46af-b18c-7033dc022ffb','1','0f3328f8-a7e7-41b4-830d-be8fdd5186c7','79ea2c65-4679-441f-a596-8aec16752a2f')
insert into USER_PROJECT_GRANT(id,roleid,optlock,userid,projectid) values('b4a71165-3e27-4085-b7ed-143630e58895','708bb4f9-9d3c-46af-b18c-7033dc022fff','1','0f3328f8-a7e7-41b4-830d-be8fdd5186c8','79ea2c65-4679-441f-a596-8aec16752a20')
insert into GROUP_PROJECT_GRANT(id,roleid,optlock,groupid,projectid) values('b3a71165-3e27-4085-b7ed-143630e58895','708bb4f9-9d3c-46af-b18c-7033dc022ffb','1','708bb4f9-9d3c-46af-b18c-7033dc022ffc','79ea2c65-4679-441f-a596-8aec16752a2f')
insert into GROUP_PROJECT_GRANT(id,roleid,optlock,groupid,projectid) values('b2b71165-3e27-4085-b7ed-143630e58895','708bb4f9-9d3c-46af-b18c-7033dc022fff','1','708bb4f9-9d3c-46af-b18c-7033dc022ffd','79ea2c65-4679-441f-a596-8aec16752a20')
insert into GROUP_DOMAIN_GRANT(id,roleid,optlock,groupid,domainid) values('b5c71165-3e27-4085-b7ed-143630e58895','708bb4f9-9d3c-46af-b18c-7033dc022ffb','1','708bb4f9-9d3c-46af-b18c-7033dc022ffc','default')
insert into GROUP_DOMAIN_GRANT(id,roleid,optlock,groupid,domainid) values('b4d71165-3e27-4085-b7ed-143630e58895','708bb4f9-9d3c-46af-b18c-7033dc022fff','1','708bb4f9-9d3c-46af-b18c-7033dc022ffd','default')
insert into USER_DOMAIN_GRANT(id,roleid,optlock,userid,domainid) values('b5a7f165-3e27-4085-b7ed-143630e58895','708bb4f9-9d3c-46af-b18c-7033dc022ffb','1','0f3328f8-a7e7-41b4-830d-be8fdd5186c7','default')
insert into USER_DOMAIN_GRANT(id,roleid,optlock,userid,domainid) values('b4a7a165-3e27-4085-b7ed-143630e58895','708bb4f9-9d3c-46af-b18c-7033dc022fff','1','0f3328f8-a7e7-41b4-830d-be8fdd5186c8','default')
insert into USER_GROUP_MEMBERSHIP(id,optlock,userid,groupid) values('b5a71265-3e27-4085-b7ed-143630e58895','1','0f3328f8-a7e7-41b4-830d-be8fdd5186c7','708bb4f9-9d3c-46af-b18c-7033dc022ffc')
insert into USER_GROUP_MEMBERSHIP(id,optlock,userid,groupid) values('b4a71365-3e27-4085-b7ed-143630e58895','1','0f3328f8-a7e7-41b4-830d-be8fdd5186c8','708bb4f9-9d3c-46af-b18c-7033dc022ffd')
